nombre,categoria,tipo,lat,lon,codigo,codigo_antiguo,estado
MONTEGRANDE,CO,Meteorológica,-7.22499,-79.15323,100090,000396,DIFERIDO
YONAN GORE,HLM,Hidrológica,-7.25592,-79.09908,201204,201204,DIFERIDO
PUENTE  MAYGASBAMBA,HLG,Hidrológica,-6.67411,-78.52437,221110,220307,DIFERIDO
QUEBRADA SHUGAR,PLU,Meteorológica,-6.68778,-78.45694,100113,153108,DIFERIDO
CHUGUR,PLU,Meteorológica,-6.66878,-78.738,106077,153208,DIFERIDO
CACAO,HLM,Hidrológica,-5.8837,-78.9625,220405,220405,DIFERIDO
EL LIMON,CO,Meteorológica,-5.91778,-79.31722,105057,000241,DIFERIDO
HACIENDA PUCARA,PLU,Meteorológica,-6.04167,-79.13389,106065,153107,DIFERIDO
SAN MIGUEL,EAMA,Meteorológica,-5.24006,-78.91138,105142,105142,DIFERIDO
COCHALAN,PLU,Meteorológica,-5.4654,-78.9888,105111,152212,DIFERIDO
COCHALAN,HLG,Hidrológica,-5.4651,-78.9885,220814,220815,DIFERIDO
TABACONAS,HLG,Hidrológica,-5.32221,-79.28779,220812,220813,DIFERIDO
LIVES,PLU,Meteorológica,-7.0802,-79.04045,107055,153111,DIFERIDO
CIRATO,HLG,Hidrológica,-6.65579,-79.07395,106122,200909,DIFERIDO
CHANCAY BAÑOS,CO,Meteorológica,-6.575,-78.86722,106022,000395,DIFERIDO
SALCCA,PE,Meteorológica,-14.16997,-71.23187,114131,114131,DIFERIDO
CHACLLABAMBA,CO,Meteorológica,-13.10855,-71.72,113139,155518,DIFERIDO
CHONTACHACA,CO,Meteorológica,-13.02389,-71.46778,100030,006671,DIFERIDO
HUANCALPI,CO,Meteorológica,-12.58029,-75.24179,112142,156126,DIFERIDO
HUACHOS,CO,Meteorológica,-13.2206,-75.53348,113067,151503,DIFERIDO
SAN JUAN DE CASTROVIRREYNA,CO,Meteorológica,-13.21198,-75.62758,113082,156114,DIFERIDO
CHOCLOCOCHA,CO,Meteorológica,-13.1588,-75.07145,113091,156130,DIFERIDO
PAUCARBAMBA,CO,Meteorológica,-12.55573,-74.53592,112066,000658,DIFERIDO
CORDOVA,PLU,Meteorológica,-14.04061,-75.18698,114065,157101,DIFERIDO
TUNEL CERO,CO,Meteorológica,-13.25932,-75.08596,113016,000647,DIFERIDO
CUSICANCHA,CO,Meteorológica,-13.50399,-75.29625,113086,156121,DIFERIDO
CHALLACA PLU,PLU,Meteorológica,-13.7896,-75.40029,100025,000009,DIFERIDO
CHALLACA,CO,Meteorológica,-13.79047,-75.38212,113128,006640,DIFERIDO
SANTIAGO DE CHOCORVOS,CO,Meteorológica,-13.83308,-75.25083,113088,156123,DIFERIDO
TAMBO,CO,Meteorológica,-13.69163,-75.27418,113087,156122,DIFERIDO
CHINCHAVITO,HLM,Hidrológica,-9.515,-75.9425,230003,230003,DIFERIDO
TARUCA,HLM,Hidrológica,-9.85038,-76.15236,230002,230002,DIFERIDO
HUERTAS,HLM,Hidrológica,-10.1265,-76.20511,230717,230717,DIFERIDO
JACAS GRANDE,CO,Meteorológica,-9.5433,-76.76042,109085,109085,DIFERIDO
PUENTE BELLA,HLM,Hidrológica,-9.32411,-76.02935,230004,230004,DIFERIDO
PUENTE PEREZ,HLM,Hidrológica,-9.34694,-75.9825,230001,230001,DIFERIDO
HUAMANI EL TAMBO,HLM,Hidrológica,-13.84358,-75.58928,213504,213504,DIFERIDO
LOS MOLINOS,PLU,Meteorológica,-13.9248,-75.6786,113244,113244,DIFERIDO
CONTA,HLG,Hidrológica,-13.43942,-75.97514,203501,203501,DIFERIDO
HUALLPOCA,PLU,Meteorológica,-14.632,-74.9559,114106,156225,DIFERIDO
MADRIGAL,CO,Meteorológica,-15.60999,-71.80654,115092,157317,DIFERIDO
SUMBAY,HLG,Hidrológica,-15.8412,-71.1146,204702,204702,DIFERIDO
PILLONES,CO,Meteorológica,-15.98124,-71.2167,115126,158208,DIFERIDO
PUENTE COLGANTE-SIBAYO,HLG,Hidrológica,-15.4942,-71.4637,204604,204604,DIFERIDO
PORPERA,CO,Meteorológica,-15.3142,-71.3064,115101,157329,DIFERIDO
TISCO,CO,Meteorológica,-15.34577,-71.44702,115098,157325,DIFERIDO
CHICHAS,CO,Meteorológica,-15.54811,-72.91831,115078,157300,DIFERIDO
SALAMANCA,HLM,Hidrológica,-15.5033,-72.8318,204501,204501,DIFERIDO
YANAQUIHUA,CO,Meteorológica,-15.77649,-72.87584,115128,000864,DIFERIDO
LA HACIENDITA,CO,Meteorológica,-16.9986,-71.6008,117006,000838,DIFERIDO
CUYAU,HLM,Hidrológica,-15.2182,-72.9359,204506,204508,DIFERIDO
PULLHUAY (AYAHUASI),CO,Meteorológica,-15.1459,-72.7439,115084,157309,DIFERIDO
PUYCA,CO,Meteorológica,-15.06055,-72.69262,115082,157307,DIFERIDO
HUANCASANCOS,CO,Meteorológica,-13.91694,-74.33361,100055,156218,DIFERIDO
HUANTA,CO,Meteorológica,-12.9113,-74.2832,112068,000660,DIFERIDO
HUASAPAMPA,HLG,Hidrológica,-14.26667,-73.95,230705,230705,DIFERIDO
LLAUTA,PLU,Meteorológica,-14.2466,-74.9255,114067,157200,DIFERIDO
LUCANAS,PLU,Meteorológica,-14.6204,-74.2328,114072,157206,DIFERIDO
LAMPA,PLU,Meteorológica,-15.18468,-73.34786,115076,157223,DIFERIDO
CHILCAYOC,CO,Meteorológica,-13.883,-73.7268,113101,156212,DIFERIDO
AYLAMBO,PE,Meteorológica,-7.19345,-78.51012,107033,000316,DIFERIDO
LA VICTORIA,PE,Meteorológica,-7.19119,-78.45947,107035,000318,DIFERIDO
CHOTANO LAJAS,PLU,Meteorológica,-6.5622,-78.7389,106084,153235,DIFERIDO
CASCABAMBA,HLM,Hidrológica,-7.38332,-78.73377,201301,201301,DIFERIDO
OCROS,PLU,Meteorológica,-10.40457,-77.40025,110051,155105,DIFERIDO
CAHUA,HLG,Hidrológica,-10.606,-77.34389,202404,202404,DIFERIDO
NUEVO PACHACOTO,PLU,Meteorológica,-9.85242,-77.40607,109095,109095,DIFERIDO
CHIRIACO,CO,Meteorológica,-5.16144,-78.28806,105104,000229,DIFERIDO
EL PINTOR,PLU,Meteorológica,-5.7562,-78.52286,105040,152204,DIFERIDO
MAGUNCHAL,PLU,Meteorológica,-5.8904,-78.1891,105046,152210,DIFERIDO
MAGUNCHAL,HLG,Hidrológica,-5.8898,-78.1886,221506,221506,DIFERIDO
EL PALTO,CO,Meteorológica,-6.00039,-78.47097,106121,003332,DIFERIDO
SAN PEDRO,HLM,Hidrológica,-9.60776,-77.50963,211404,201720,DIFERIDO
CHACCHAN,PLU,Meteorológica,-9.53519,-77.77536,109045,154107,DIFERIDO
PIRA,PLU,Meteorológica,-9.58528,-77.70719,109048,154110,DIFERIDO
MAYORARCA,PLU,Meteorológica,-10.15775,-77.34889,110040,150903,DIFERIDO
BUENA VISTA,CO,Meteorológica,-9.43371,-78.20825,109014,000435,DIFERIDO
CUNYAC,PLU,Meteorológica,-13.56334,-72.57594,113136,156224,DIFERIDO
CHARCANI,HLM,Hidrológica,-16.3109,-71.4949,204710,204711,DIFERIDO
LAS SALINAS,CO,Meteorológica,-16.3206,-71.1521,116046,158209,DIFERIDO
EL FRAYLE,CO,Meteorológica,-16.15482,-71.1891,116022,000849,DIFERIDO
PATAHUASI-AREQUIPA,CO,Meteorológica,-16.05542,-71.41481,116073,116073,DIFERIDO
PAMPA DE ARRIEROS,CO,Meteorológica,-16.0665,-71.5914,116043,158204,DIFERIDO
AYO,CO,Meteorológica,-15.6833,-72.2704,115088,157313,DIFERIDO
CHACHAS,CO,Meteorológica,-15.5025,-72.2686,115087,157312,DIFERIDO
GORGOR,PLU,Meteorológica,-10.62136,-77.04027,110041,151208,DIFERIDO
ARAHUAY,PLU,Meteorológica,-11.62091,-76.67034,111057,151204,DIFERIDO
HUAMANTANGA,PLU,Meteorológica,-11.50247,-76.74675,111085,155209,DIFERIDO
HUAROS,PLU,Meteorológica,-11.40743,-76.5758,111089,155218,DIFERIDO
PARIACANCHA,HLM,Hidrológica,-11.39315,-76.50244,202801,202801,DIFERIDO
PARIACANCHA,PLU,Meteorológica,-11.39315,-76.50294,111067,155112,DIFERIDO
LACHAQUI,PLU,Meteorológica,-11.554,-76.62706,111088,155217,DIFERIDO
OBRAJILLO,PLU,Meteorológica,-11.45264,-76.62206,111159,156133,DIFERIDO
PIRCA,PLU,Meteorológica,-11.2328,-76.65513,111087,155214,DIFERIDO
AMAZONAS,HLM,Hidrológica,-3.76668,-73.25308,240503,240503,DIFERIDO
PUENTE ITAYA,HLM,Hidrológica,-4.22513,-73.48251,240502,240502,DIFERIDO
PUERTO ALMENDRA,HLM,Hidrológica,-3.82743,-73.37741,240302,240302,DIFERIDO
SAN ROQUE,CP,Meteorológica,-3.78667,-73.29333,103052,000176,DIFERIDO
SEDA LORETO,HLM,Hidrológica,-3.7528,-73.281,240106,240105,DIFERIDO
MORALILLO,CP,Meteorológica,-3.89967,-73.33833,103023,000153,DIFERIDO
ANGAMOS,HLM,Hidrológica,-5.1512,-72.8752,240401,240111,DIFERIDO
ANGAMOS,CO,Meteorológica,-5.1498,-72.8771,105078,000269,DIFERIDO
BORJA,PLU,Meteorológica,-4.4696,-77.5483,104061,000270,DIFERIDO
PUENTE INAMBARI,HLM,Hidrológica,-13.18638,-70.38401,113251,113251,DIFERIDO
EL ESTRECHO,HLM,Hidrológica,-2.453,-72.6812,240402,240402,DIFERIDO
EL ESTRECHO,CO,Meteorológica,-2.4467,-72.6643,102006,000110,DIFERIDO
SANTA CRUZ,PLU,Meteorológica,-11.19827,-76.63487,111081,155202,DIFERIDO
ANTIOQUIA,PE,Meteorológica,-12.06617,-76.52884,112124,156100,DIFERIDO
CARAMPOMA,PLU,Meteorológica,-11.65503,-76.51514,111091,155223,DIFERIDO
SHEQUE,PLU,Meteorológica,-11.66095,-76.5023,111062,151213,DIFERIDO
MILLOC,HLM,Hidrológica,-11.57046,-76.35017,202902,202902,DIFERIDO
MILLOC,PLU,Meteorológica,-11.57131,-76.34995,111144,155514,DIFERIDO
CASAPALCA,PLU,Meteorológica,-11.63804,-76.23332,111114,155446,DIFERIDO
RIO BLANCO,PLU,Meteorológica,-11.73447,-76.25967,111061,151210,DIFERIDO
LANGA,PLU,Meteorológica,-12.12645,-76.42108,112082,151214,DIFERIDO
AUTISHA,PLU,Meteorológica,-11.73815,-76.61103,111077,155122,DIFERIDO
AUTISHA,HLM,Hidrológica,-11.73523,-76.60659,202903,202903,DIFERIDO
SAN JOSE DE PARAC,PLU,Meteorológica,-11.80053,-76.25811,111093,155225,DIFERIDO
SAN MATEO DE OTAO,PLU,Meteorológica,-11.847,-76.5636,111291,111291,DIFERIDO
HUANCATA,PLU,Meteorológica,-12.18618,-76.24066,112080,151207,DIFERIDO
SANTIAGO DE TUNA,PLU,Meteorológica,-11.9832,-76.5242,111092,155224,DIFERIDO
AMBAR,PLU,Meteorológica,-10.75484,-77.2668,110042,151211,DIFERIDO
PAMPA LIBRE,CO,Meteorológica,-10.86578,-76.97,110053,155107,DIFERIDO
PACHAMACHAY,PLU,Meteorológica,-11.06525,-76.9141,111084,155207,DIFERIDO
PACCHO,PLU,Meteorológica,-10.95602,-76.93473,110056,155200,DIFERIDO
PARQUIN,PLU,Meteorológica,-10.96665,-76.71983,110063,155212,DIFERIDO
LAGUNA SURASACA,HLG,Hidrológica,-10.5213,-76.7885,202601,202601,DIFERIDO
LAGUNA SURASACA,PLU,Meteorológica,-10.5238,-76.7867,110059,155206,DIFERIDO
LAGUNA COCHAQUILLO,PLU,Meteorológica,-10.80394,-76.65537,110092,155291,DIFERIDO
OYON,CO,Meteorológica,-10.66769,-76.7687,110020,000541,DIFERIDO
ANDAJES,PLU,Meteorológica,-10.78333,-76.9,110057,155201,DIFERIDO
YAURICOCHA,PLU,Meteorológica,-12.31478,-75.71209,112096,155450,DIFERIDO
AYAVIRI,PLU,Meteorológica,-12.38208,-76.13672,112128,156104,DIFERIDO
CARANIA,PE,Meteorológica,-12.3444,-75.87215,112133,156109,DIFERIDO
VILCA,PE,Meteorológica,-12.11457,-75.82617,112135,156111,DIFERIDO
HUAÑEC,PLU,Meteorológica,-12.29359,-76.13902,112127,156103,DIFERIDO
SAN PEDRO DE PILAS,PLU,Meteorológica,-12.4548,-76.22559,112081,151212,DIFERIDO
TANTA,PE,Meteorológica,-12.11667,-76.01667,112130,156106,DIFERIDO
AMAZONAS,CO,Meteorológica,-3.76397,-73.25492,103057,000154,DIFERIDO
SANTA MARIA DE NANAY,HLM,Hidrológica,-3.8891,-73.6961,240001,240110,DIFERIDO
MANITI,PE,Meteorológica,-3.5203,-72.8409,103009,150201,DIFERIDO
TIMICURILLO,HLM,Hidrológica,-3.5237,-73.0834,240202,240202,DIFERIDO
BELLAVISTA,HLM,Hidrológica,-3.4786,-73.068,240111,260102,DIFERIDO
LA LIBERTAD,PLU,Meteorológica,-3.4863,-73.2337,103014,150207,DIFERIDO
LA LIBERTAD,HLM,Hidrológica,-3.4863,-73.2339,240112,260201,DIFERIDO
SANTA CRUZ,PLU,Meteorológica,-3.5169,-73.1526,103013,150206,DIFERIDO
SANTA CRUZ,HLM,Hidrológica,-3.51725,-73.15411,240109,240109,DIFERIDO
SANTA CLOTILDE,CO,Meteorológica,-2.48757,-73.67919,102009,000177,DIFERIDO
SANTA CLOTILDE,HLM,Hidrológica,-2.487,-73.679,240110,260101,DIFERIDO
SANTO TOMAS PUNCHANA,HLM,Hidrológica,-3.69279,-73.25625,240304,240304,DIFERIDO
ENAPU PERU,HLM,Hidrológica,-3.72722,-73.23694,240102,240101,DIFERIDO
SHANUSI,CO,Meteorológica,-6.06703,-76.2505,100132,153315,DIFERIDO
LAGUNAS,PLU,Meteorológica,-5.2194,-75.6661,100080,152304,DIFERIDO
BORJA,HLM,Hidrológica,-4.47,-77.548,220107,220107,DIFERIDO
NAUTA,HLM,Hidrológica,-4.5146,-73.5831,221402,221401,DIFERIDO
SAN REGIS,PE,Meteorológica,-4.51301,-73.90751,104098,150212,DIFERIDO
SAN REGIS,HLM,Hidrológica,-4.5132,-73.9076,220105,220105,DIFERIDO
SANTA RITA DE CASTILLA,PE,Meteorológica,-4.5922,-74.3806,104065,152401,DIFERIDO
PUERTO ALEGRIA,HLM,Hidrológica,-4.11491,-70.05391,240005,240005,DIFERIDO
SANTA ROSA,PLU,Meteorológica,-4.22636,-69.95629,104010,150209,DIFERIDO
SANTA ROSA,HLM,Hidrológica,-4.2242,-69.9535,240108,240108,DIFERIDO
REQUENA,CO,Meteorológica,-5.04308,-73.83612,105095,000280,DIFERIDO
REQUENA,HLM,Hidrológica,-5.0411,-73.84,250101,250101,DIFERIDO
FLOR DE PUNGA,HLM,Hidrológica,-5.4077,-74.1569,251100,231302,DIFERIDO
FLOR DE PUNGA,PE,Meteorológica,-5.4055,-74.1591,105092,152405,DIFERIDO
TAMANCO,PLU,Meteorológica,-5.7921,-74.289,105091,152403,DIFERIDO
BRETAÑA,PE,Meteorológica,-5.2539,-74.3444,105090,152402,DIFERIDO
BAGAZAN,PE,Meteorológica,-4.724,-73.5321,104067,152406,DIFERIDO
GENARO HERRERA,HLM,Hidrológica,-4.902,-73.6715,251104,231303,DIFERIDO
CONTAMANA,HLM,Hidrológica,-7.3518,-75.0109,251102,231301,DIFERIDO
CONTAMANA,CO,Meteorológica,-7.3526,-75.0064,100034,000387,DIFERIDO
PAMPA UMALZO (TITIJONES),CO,Meteorológica,-16.8439,-70.5494,116052,158309,DIFERIDO
TUMILACA,PLU,Meteorológica,-17.1277,-70.8369,117031,158314,DIFERIDO
OTORA,HLG,Hidrológica,-17.0073,-70.8536,214700,204812,DIFERIDO
OTORA,PLU,Meteorológica,-17.0041,-70.8504,117024,158302,DIFERIDO
ICHUÑA,CO,Meteorológica,-16.14109,-70.5427,100059,158310,DIFERIDO
ENTAZ,HLM,Hidrológica,-10.72244,-75.26238,250503,250503,DIFERIDO
MIRAFLORES,MAP,Meteorológica,-5.17528,-80.61654,105100,000207,DIFERIDO
PORCULLA,PLU,Meteorológica,-5.83964,-79.50572,100105,152132,DIFERIDO
HACIENDA SHUMAYA,PLU,Meteorológica,-5.36492,-79.36056,105024,152128,DIFERIDO
TULUCE,PLU,Meteorológica,-5.47718,-79.34742,105023,152127,DIFERIDO
SONDORILLO,HLM,Hidrológica,-5.33922,-79.41575,220509,220510,DIFERIDO
HACIENDA BIGOTE,PLU,Meteorológica,-5.3209,-79.7857,105015,152111,DIFERIDO
ALAMOR,PLU,Meteorológica,-4.47749,-80.3979,104044,152153,DIFERIDO
ALAMOR,HLM,Hidrológica,-4.47401,-80.39915,200322,200324,DIFERIDO
PANANGA,PLU,Meteorológica,-4.51556,-80.73945,104014,152101,DIFERIDO
MUELLE LAGO,HLM,Hidrológica,-15.83361,-70.01694,270500,210902,DIFERIDO
PROGRESO,CO,Meteorológica,-14.6717,-70.3678,114040,000778,DIFERIDO
DESAGUADERO,CO,Meteorológica,-16.56327,-69.03682,116060,000883,DIFERIDO
CALLACAME,PLU,Meteorológica,-16.57225,-69.31697,116075,116075,DIFERIDO
CAPAZO,CO,Meteorológica,-17.1827,-69.7391,117041,158326,DIFERIDO
COJATA,CO,Meteorológica,-15.0118,-69.3612,115053,000827,DIFERIDO
RAMIS,PLU,Meteorológica,-15.2558,-69.8739,270200,157733,DIFERIDO
TARACO,CO,Meteorológica,-15.31167,-69.97247,115047,000816,DIFERIDO
SANTA LUCIA,CO,Meteorológica,-15.6941,-70.5993,115140,000865,DIFERIDO
PUENTE AYAVIRI,HLM,Hidrológica,-14.89249,-70.58544,210103,210103,DIFERIDO
SANTA ROSA,CO,Meteorológica,-14.6178,-70.79278,114047,000823,DIFERIDO
CHUQUIBAMBILLA,CP,Meteorológica,-14.7879,-70.7285,114035,000764,DIFERIDO
ISLA SOTO,CO,Meteorológica,-15.56221,-69.48898,100065,000817,DIFERIDO
JULIACA,CO,Meteorológica,-15.4441,-70.2078,115138,007454,DIFERIDO
PUENTE ISLA CABANILLAS,HLM,Hidrológica,-15.4718,-70.224,210406,210406,DIFERIDO
CUYO CUYO,CO,Meteorológica,-14.4888,-69.55,114096,157418,DIFERIDO
LIMBANI,CO,Meteorológica,-14.1397,-69.687,114049,000825,DIFERIDO
LIMBANI,HLG,Hidrológica,-14.1481,-69.6902,260501,260501,DIFERIDO
TAMBOPATA,CO,Meteorológica,-14.22529,-69.16178,114043,000790,DIFERIDO
TAHUACO - YUNGUYO,CO,Meteorológica,-16.30783,-69.07472,116030,000882,DIFERIDO
ISLA SUANA,CO,Meteorológica,-16.3299,-68.85034,116009,000822,DIFERIDO
JOSE OLAYA,CO,Meteorológica,-7.40711,-76.41389,107069,153225,DIFERIDO
CUZCO-BIAVO,PLU,Meteorológica,-7.25442,-76.4771,107095,153345,DIFERIDO
BIAVO,HLG,Hidrológica,-7.25497,-76.47778,221804,221804,DIFERIDO
LA UNION,CO,Meteorológica,-7.16319,-76.49275,107013,000384,DIFERIDO
NUEVO LIMA,CO,Meteorológica,-7.09628,-76.47233,107089,153312,DIFERIDO
CUÑUMBUQUE,PLU,Meteorológica,-6.50825,-76.48075,106094,153311,DIFERIDO
SHANAO,PLU,Meteorológica,-6.41312,-76.60028,106115,153328,DIFERIDO
SHANAO,HLG,Hidrológica,-6.41291,-76.60001,221802,221802,DIFERIDO
PACAYZAPA,CO,Meteorológica,-6.2818,-76.76171,110127,110127,DIFERIDO
HUAYABAMBA,PLU,Meteorológica,-7.26356,-76.73494,107101,153350,DIFERIDO
CAMPANILLA,CO,Meteorológica,-7.48434,-76.65311,100019,003304,DIFERIDO
PICOTA,PLU,Meteorológica,-6.91989,-76.33022,106095,153313,DIFERIDO
NARANJILLO,CO,Meteorológica,-5.80964,-77.39264,105103,000219,DIFERIDO
PELEJO,CO,Meteorológica,-6.21531,-75.8025,106112,153322,DIFERIDO
PUCALLPA - HUIMBAYOC,PLU,Meteorológica,-6.45278,-75.84556,106110,153320,DIFERIDO
CUMBAZA,HLG,Hidrológica,-6.47251,-76.38199,221801,221801,DIFERIDO
SAN ANTONIO,CO,Meteorológica,-6.41274,-76.4072,106096,153314,DIFERIDO
CANAL UCHUSUMA,HLG,Hidrológica,-17.5807,-69.6264,215000,205206,DIFERIDO
BOCATOMA,CO,Meteorológica,-17.5802,-69.62672,100016,008331,DIFERIDO
PAUCARANI,CO,Meteorológica,-17.53291,-69.78039,117043,158328,DIFERIDO
CAIRANI,CO,Meteorológica,-17.28121,-70.36269,117030,158313,DIFERIDO
ARICOTA,CO,Meteorológica,-17.32913,-70.23731,117054,117054,DIFERIDO
CHUAPALCA ALTERNATIVA ALTA,HLM,Hidrológica,-17.28727,-69.6435,117060,117060,DIFERIDO
CHUAPALCA,HLM,Hidrológica,-17.2981,-69.6468,270900,211706,DIFERIDO
LA FRONTERA,CO,Meteorológica,-17.3824,-69.4864,117049,158332,DIFERIDO
CHUAPALCA,CO,Meteorológica,-17.3088,-69.6618,117013,000860,DIFERIDO
TALABAYA,CO,Meteorológica,-17.5526,-69.9868,117039,158323,DIFERIDO
VILACOTA,CO,Meteorológica,-17.07906,-70.04302,117014,000861,DIFERIDO
VILACOTA,HLM,Hidrológica,-17.0786,-70.0424,211705,211707,DIFERIDO
CABO INGA,CO,Meteorológica,-3.97594,-80.40182,103043,000139,DIFERIDO
EL SALTO,CO,Meteorológica,-3.45171,-80.2802,103041,000135,DIFERIDO
MATAPALO,PLU,Meteorológica,-3.68277,-80.19857,103008,150112,DIFERIDO
LPO PUCALLPA,HLM,Hidrológica,-8.38214,-74.52567,240504,240504,DIFERIDO
PUCALLPA,CP,Meteorológica,-8.41323,-74.57185,108021,000449,DIFERIDO
EL MARONAL,CP,Meteorológica,-8.44999,-75.09681,108027,000459,DIFERIDO
LETRAYOC,PLU,Meteorológica,-13.65773,-75.74496,113153,156132,DIFERIDO
HUANCANO,CO,Meteorológica,-13.60118,-75.62102,113009,000639,DIFERIDO
ACOPALCA,CO,Meteorológica,-11.9873,-75.1035,111174,111174,DIFERIDO
CHIRANI,HLM,Hidrológica,-10.86167,-75.00632,250502,250502,DIFERIDO
CHIRANI,PLU,Meteorológica,-10.86167,-75.00632,110143,110143,DIFERIDO
RIO TULUMAYO,PLU,Meteorológica,-11.2091,-75.3348,111281,111281,DIFERIDO
PUERTO OCOPA,CO,Meteorológica,-11.1467,-74.3051,111039,000572,DIFERIDO
CARHUACAYAN,PLU,Meteorológica,-11.20267,-76.28505,111070,155115,DIFERIDO
RIO PALLANGA,HLM,Hidrológica,-11.1865,-76.32569,230801,230902,DIFERIDO
RUMICHACA,HLM,Hidrológica,-11.69886,-76.10639,230803,230908,DIFERIDO
YAULI,PLU,Meteorológica,-11.66667,-76.08333,111099,155235,DIFERIDO
JULCAN,PLU,Meteorológica,-8.04229,-78.48607,108043,154101,DIFERIDO
SINSICAP,PLU,Meteorológica,-7.85021,-78.75503,107059,153206,DIFERIDO
PUENTE COINA,HLM,Hidrológica,-7.79636,-78.38012,211004,211004,DIFERIDO
TALLA (GUADALUPE),CP,Meteorológica,-7.28005,-79.4191,100136,000325,DIFERIDO
HUANGACOCHA,PLU,Meteorológica,-7.9375,-78.0681,107092,153327,DIFERIDO
LAGUNA HUANGACOCHA,HLM,Hidrológica,-7.9325,-78.06705,220204,220204,DIFERIDO
MOLLEPATA,PE,Meteorológica,-8.19137,-77.95397,108046,154106,DIFERIDO
HUACAMARCANGA,PE,Meteorológica,-8.1221,-78.2937,108048,154112,DIFERIDO
HUACAMARCANGA,HLM,Hidrológica,-8.1081,-78.2876,201717,201717,DIFERIDO
QUIRUVILCA,PLU,Meteorológica,-8.00422,-78.30791,108044,154102,DIFERIDO
PUENTE PALMIRA,HLM,Hidrológica,-7.54919,-78.81051,211002,211002,DIFERIDO
EL TAMBO,HLM,Hidrológica,-7.57398,-78.70655,211003,211003,DIFERIDO
TINAJONES,CP,Meteorológica,-6.65493,-79.4279,106049,000335,DIFERIDO
CHUMBEMENIQUE,EMA,Meteorológica,-6.86428,-79.37714,106146,106146,DIFERIDO
INCAHUASI,CP,Meteorológica,-6.23389,-79.31806,106037,000307,DIFERIDO
CUEVA BLANCA,PLU,Meteorológica,-6.1313,-79.4045,106060,153102,DIFERIDO
PUCHACA,CO,Meteorológica,-6.37361,-79.46951,106120,003114,DIFERIDO
PUCHACA,HLG,Hidrológica,-6.37317,-79.46697,200801,200802,DIFERIDO
CERRO DE ARENA,CO,Meteorológica,-5.92461,-80.20463,105122,105122,DIFERIDO
PASAJE SUR,CO,Meteorológica,-5.91741,-79.97184,105121,105121,DIFERIDO
CUTERVO,CO,Meteorológica,-6.37964,-78.80512,106057,,REAL
LLAUCANO CORELLAMA,HLG,Hidrológica,-6.68656,-78.51823,221106,,REAL
BAMBAMARCA,CP,Meteorológica,-6.67655,-78.51834,100015,,REAL
JAEN,CP,Meteorológica,-5.67664,-78.77416,105067,,REAL
LA CASCARILLA,CO,Meteorológica,-5.67175,-78.89767,105062,,REAL
CHONTALI,CO,Meteorológica,-5.64389,-79.09,105065,,REAL
SALLIQUE,CO,Meteorológica,-5.65886,-79.31264,105053,,REAL
SAN IGNACIO,CO,Meteorológica,-5.14708,-78.99512,105058,,REAL
CHIRINOS,CO,Meteorológica,-5.3085,-78.89759,105074,,REAL
NAMBALLE,CO,Meteorológica,-4.99953,-79.08862,105107,,REAL
TABACONAS,CO,Meteorológica,-5.31515,-79.28488,105056,,REAL
SAN MARCOS,CO,Meteorológica,-7.32249,-78.1727,107006,,REAL
SONDOR-MATARA,CO,Meteorológica,-7.23687,-78.21262,107038,,REAL
SAN MIGUEL,CO,Meteorológica,-6.99684,-78.85308,106038,,REAL
QUILCATE,CO,Meteorológica,-6.82275,-78.744,106039,,REAL
LLAPA,CO,Meteorológica,-6.97833,-78.81119,106019,,REAL
NIEPOS,CO,Meteorológica,-6.92511,-79.12902,100092,,REAL
SAN PABLO,CO,Meteorológica,-7.11775,-78.83083,107036,,REAL
SANTA CRUZ,CO,Meteorológica,-6.61657,-78.94761,106056,,REAL
UDIMA,CO,Meteorológica,-6.81474,-79.09377,106068,,REAL
GRANJA KAYRA,MAP,Meteorológica,-13.55675,-71.87517,100044,,REAL
POMACANCHI,CO,Meteorológica,-14.02781,-71.57258,114046,,REAL
PUENTE CUNYAC,HLM,Hidrológica,-13.563,-72.5752,230503,,REAL
ANTA ANCACHURO,CO,Meteorológica,-13.47242,-72.21876,113035,,REAL
PISAC,CO,Meteorológica,-13.41951,-71.85087,100101,,REAL
PISAC,HLM,Hidrológica,-13.4226,-71.8539,250303,,REAL
QUEBRADA YANATILE,CO,Meteorológica,-12.6788,-72.2785,112154,,REAL
SICUANI,CO,Meteorológica,-14.23736,-71.2367,114033,,REAL
SALCCA,HLM,Hidrológica,-14.16963,-71.23172,250308,,REAL
SANTO TOMAS,CO,Meteorológica,-14.39878,-72.08774,114030,,REAL
PARURO,CO,Meteorológica,-13.76698,-71.8447,113037,,REAL
PAUCARTAMBO,HLG,Hidrológica,-13.3177,-71.5974,250405,,REAL
PAUCARTAMBO,CO,Meteorológica,-13.30347,-71.59668,100100,,REAL
CAICAY,CO,Meteorológica,-13.59999,-71.69581,113122,,REAL
CHACLLABAMBA,HLM,Hidrológica,-13.10677,-71.7203,250301,,REAL
CHALLABAMBA,CO,Meteorológica,-13.21754,-71.64938,100024,,REAL
COLQUEPATA,CO,Meteorológica,-13.36313,-71.67336,113116,,REAL
QUINCEMIL,CO,Meteorológica,-13.22893,-70.7544,100114,,REAL
CCATCCA,CO,Meteorológica,-13.60988,-71.5601,113041,,REAL
URUBAMBA,CP,Meteorológica,-13.30517,-72.12455,113034,,REAL
MACHU PICCHU,CO,Meteorológica,-13.16655,-72.54585,113031,,REAL
PILCHACA,CO,Meteorológica,-12.39939,-75.08412,112060,,REAL
ACOBAMBA,MAP,Meteorológica,-12.84361,-74.5616,112067,,REAL
LIRCAY,CO,Meteorológica,-12.9815,-74.7181,112065,,REAL
CHALLACA,HLM,Hidrológica,-13.78333,-75.4,213502,,REAL
ACOSTAMBO,CO,Meteorológica,-12.36079,-75.05725,112051,,REAL
PAMPAS,CO,Meteorológica,-12.40203,-74.88414,112012,,REAL
COLCABAMBA,CO,Meteorológica,-12.415,-74.6835,112163,,REAL
SALCABAMBA,CO,Meteorológica,-12.204,-74.7794,100120,,REAL
CANCHAN,CO,Meteorológica,-9.92095,-76.30962,100020,,REAL
PUENTE HIGUERAS,HLM,Hidrológica,-9.9222,-76.30938,221811,,REAL
HUANUCO,CP,Meteorológica,-9.95201,-76.24856,109003,,REAL
CARPISH,CO,Meteorológica,-9.70568,-76.09424,109020,,REAL
SAN RAFAEL,HLM,Hidrológica,-10.3399,-76.1824,221309,,REAL
SAN RAFAEL,CO,Meteorológica,-10.32926,-76.17658,110025,,REAL
DOS DE MAYO,CO,Meteorológica,-9.7171,-76.77374,109077,,REAL
TINGO MARIA,CP,Meteorológica,-9.31016,-76.00049,109027,,REAL
TINGO MARIA,HLG,Hidrológica,-9.29601,-76.00207,221820,,REAL
LA DIVISORIA,CO,Meteorológica,-9.20091,-75.81393,108025,,REAL
AUCAYACU,CO,Meteorológica,-8.92987,-76.11171,108033,,REAL
TULUMAYO,MAP,Meteorológica,-9.14706,-76.00944,109028,,REAL
CHAGLLA,CO,Meteorológica,-9.85008,-75.90706,109021,,REAL
PUERTO INCA,HLM,Hidrológica,-9.38271,-74.96792,231101,,REAL
PUERTO INCA,CO,Meteorológica,-9.3851,-74.96376,109032,,REAL
TOURNAVISTA,CO,Meteorológica,-8.92749,-74.70882,108034,,REAL
JACAS CHICO,CO,Meteorológica,-9.88474,-76.50094,109022,,REAL
TACAMA,CO,Meteorológica,-13.99978,-75.72052,113058,,REAL
OCUCAJE,CO,Meteorológica,-14.37844,-75.68208,114020,,REAL
SAN CAMILO,MAP,Meteorológica,-14.07331,-75.71101,114008,,REAL
LOS MOLINOS (ALEJANDRO PLAZA GARCIA),HLG,Hidrológica,-13.92475,-75.67869,213500,,REAL
HUAMANI,CO,Meteorológica,-13.843,-75.60704,113010,,REAL
FONAGRO (CHINCHA),MAP,Meteorológica,-13.45935,-76.15243,100043,,REAL
SAN JUAN DE YANAC,CO,Meteorológica,-13.21058,-75.78697,113081,,REAL
SAN PEDRO DE HUACARPANA,CO,Meteorológica,-13.0479,-75.6464,113061,,REAL
HUALLPOCA,HLG,Hidrológica,-14.63201,-74.95588,230712,,REAL
COPARA,CP,Meteorológica,-14.97501,-74.89082,114018,,REAL
PALPA,CO,Meteorológica,-14.54939,-75.18926,114021,,REAL
IMATA,CO,Meteorológica,-15.84266,-71.09062,115029,,REAL
SIBAYO,CO,Meteorológica,-15.4892,-71.45696,115024,,REAL
CHUQUIBAMBA,CO,Meteorológica,-15.84602,-72.65065,115020,,REAL
SALAMANCA,CO,Meteorológica,-15.50294,-72.83202,115043,,REAL
LA PASCANA,HLG,Hidrológica,-16.99936,-71.63879,204905,,REAL
PAMPA BLANCA,CP,Meteorológica,-17.0716,-71.7245,117005,,REAL
COTAHUASI,CO,Meteorológica,-15.21134,-72.89325,115019,,REAL
MARCELINO SERNA (PAMPAS),HLG,Hidrológica,-13.43453,-73.82791,251001,,REAL
WAYLLAPAMPA,CO,Meteorológica,-13.0765,-74.21651,112069,,REAL
LA QUINUA,CO,Meteorológica,-13.05548,-74.14159,113021,,REAL
SAN PEDRO DE CACHI,CO,Meteorológica,-13.08742,-74.39067,100127,,REAL
PUQUIO,CO,Meteorológica,-14.69928,-74.1316,114023,,REAL
HUAC-HUAS,CO,Meteorológica,-14.1324,-74.941,114055,,REAL
LLAUTA,HLG,Hidrológica,-14.23998,-74.92135,213600,,REAL
CORACORA,CO,Meteorológica,-15.01194,-73.77945,115015,,REAL
PAUZA,CO,Meteorológica,-15.2753,-73.3411,115017,,REAL
PAUCARAY,CO,Meteorológica,-14.0439,-73.6386,114044,,REAL
HUANCAPI,CO,Meteorológica,-13.749,-74.0681,113022,,REAL
VILCASHUAMAN,CO,Meteorológica,-13.66882,-73.95238,113100,,REAL
MASHCON,HLG,Hidrológica,-7.165,-78.47833,220213,,REAL
GRANJA PORCON,CO,Meteorológica,-7.03753,-78.6334,107002,,REAL
AUGUSTO WEBERBAUER,MAP,Meteorológica,-7.1675,-78.49309,107028,,REAL
ASUNCION,CO,Meteorológica,-7.32604,-78.51582,107018,,REAL
COSPAN,CO,Meteorológica,-7.42857,-78.54106,100037,,REAL
LA ENCAÑADA,CO,Meteorológica,-7.12327,-78.33314,107093,,REAL
JESUS TUNEL,HLG,Hidrológica,-7.22064,-78.40376,220205,,REAL
JESUS,CO,Meteorológica,-7.2457,-78.38841,107016,,REAL
MAGDALENA,CO,Meteorológica,-7.25346,-78.65261,107017,,REAL
NAMORA BOCATOMA,HLG,Hidrológica,-7.24262,-78.29472,220206,,REAL
NAMORA,CO,Meteorológica,-7.2006,-78.32782,107037,,REAL
SAN JUAN,CO,Meteorológica,-7.29756,-78.49106,107005,,REAL
CAJABAMBA,CO,Meteorológica,-7.62166,-78.05131,107008,,REAL
CACHACHI,PE,Meteorológica,-7.45106,-78.26855,107068,,REAL
PUENTE CRISNEJAS,HLM,Hidrológica,-7.46354,-78.11313,220201,,REAL
CELENDIN,CO,Meteorológica,-6.85292,-78.14485,106010,,REAL
BALZAS,HLM,Hidrológica,-6.84465,-78.03024,221303,,REAL
CHOTA,CO,Meteorológica,-6.54713,-78.64863,106034,,REAL
COCHABAMBA,CO,Meteorológica,-6.46009,-78.8886,106058,,REAL
HUAMBOS,CP,Meteorológica,-6.45368,-78.96315,106054,,REAL
CHOTANO LAJAS,HLG,Hidrológica,-6.55972,-78.74111,220611,,REAL
LLAMA,CO,Meteorológica,-6.51443,-79.12262,106053,,REAL
TOCMOCHE,CO,Meteorológica,-6.4101,-79.3557,106061,,REAL
CONTUMAZA,CO,Meteorológica,-7.36521,-78.82273,107052,,REAL
PUENTE CHILETE,HLG,Hidrológica,-7.21969,-78.83799,201207,,REAL
CHILETE,PLU,Meteorológica,-7.21968,-78.83799,107058,,REAL
SAN BENITO,CO,Meteorológica,-7.42819,-78.92673,107057,,REAL
HUARMEY,CO,Meteorológica,-10.06812,-78.16232,110016,,REAL
MALVAS,CO,Meteorológica,-9.92723,-77.65519,109038,,REAL
PISCOBAMBA II,CO,Meteorológica,-8.87045,-77.35072,108103,,REAL
CABANA,CP,Meteorológica,-8.39058,-78.00461,108064,,REAL
POMABAMBA,CO,Meteorológica,-8.8217,-77.45733,108017,,REAL
RECUAY,CO,Meteorológica,-9.72919,-77.45365,109017,,REAL
CHACHAPOYAS,CO,Meteorológica,-6.2083,-77.86712,106011,,REAL
ARAMANGO,CO,Meteorológica,-5.41994,-78.43553,105075,,REAL
JAZAN,CO,Meteorológica,-5.94485,-77.97569,105079,,REAL
SANTA MARIA DE NIEVA,CO,Meteorológica,-4.83039,-77.93928,104060,,REAL
LOS NARANJOS,HLG,Hidrológica,-5.75568,-78.43154,221501,,REAL
BAGUA CHICA,CP,Meteorológica,-5.66148,-78.53396,105068,,REAL
JAMALCA,CO,Meteorológica,-5.8927,-78.2339,105042,,REAL
CAJAMARQUILLA,CO,Meteorológica,-9.63204,-77.74136,109046,,REAL
PARIACOTO,CO,Meteorológica,-9.55239,-77.88761,109040,,REAL
AIJA,CO,Meteorológica,-9.78164,-77.60674,109016,,REAL
CHIQUIAN,CO,Meteorológica,-10.14763,-77.15949,110018,,REAL
CHAVIN,CO,Meteorológica,-9.58598,-77.17526,109019,,REAL
CHAMANA,CO,Meteorológica,-10.20739,-77.55872,110039,,REAL
SIHUAS,CO,Meteorológica,-8.56667,-77.65,108047,,REAL
YUNGAY,CO,Meteorológica,-9.14189,-77.74998,109018,,REAL
CURAHUASI,CP,Meteorológica,-13.55253,-72.73487,113029,,REAL
GRANJA SAN ANTONIO,MAP,Meteorológica,-13.6049,-72.8569,113225,,REAL
ANDAHUAYLAS,CO,Meteorológica,-13.64863,-73.36679,113025,,REAL
AYMARAES,CO,Meteorológica,-14.29056,-73.25168,114117,,REAL
TAMBOBAMBA,CO,Meteorológica,-13.94492,-72.17522,113059,,REAL
PAMPAS,CO,Meteorológica,-13.43488,-73.82427,113138,,REAL
CURPAHUASI,CO,Meteorológica,-14.0628,-72.6669,114108,,REAL
LA PAMPILLA,MAP,Meteorológica,-16.4138,-71.53453,116017,,REAL
CHIGUATA,CO,Meteorológica,-16.40644,-71.40913,116020,,REAL
HUASACACHE,CO,Meteorológica,-16.45774,-71.56635,116003,,REAL
TINGO GRANDE,HLG,Hidrológica,-16.45992,-71.57431,204708,,REAL
PUENTE DEL DIABLO,HLG,Hidrológica,-16.42679,-71.67503,204707,,REAL
LA JOYA,MAP,Meteorológica,-16.58359,-71.92464,116005,,REAL
HACIENDA PAMPATA,HLG,Hidrológica,-16.54193,-72.69957,204621,,REAL
OCOÑA,HLG,Hidrológica,-16.427,-73.1145,204504,,REAL
CAMANA,CO,Meteorológica,-16.64395,-72.70432,116013,,REAL
CARAVELI,CO,Meteorológica,-15.77568,-73.36259,115018,,REAL
PUNTA ATICO,CO,Meteorológica,-16.2317,-73.6964,116011,,REAL
CHAPARRA,CO,Meteorológica,-15.74765,-73.87089,100026,,REAL
LOMAS,CO,Meteorológica,-15.57119,-74.8503,115133,,REAL
HUATIAPA,HLG,Hidrológica,-16.00806,-72.48355,204617,,REAL
APLAO,CO,Meteorológica,-16.07288,-72.49226,116014,,REAL
ANDAGUA,CO,Meteorológica,-15.5009,-72.3551,115085,,REAL
CHOCO,CO,Meteorológica,-15.5771,-72.1296,115089,,REAL
MACHAHUAY,CO,Meteorológica,-15.65321,-72.50322,115129,,REAL
ORCOPAMPA,CO,Meteorológica,-15.2639,-72.341,115086,,REAL
PAMPACOLCA,CO,Meteorológica,-15.7167,-72.5683,115021,,REAL
CHIVAY,CO,Meteorológica,-15.64163,-71.60169,115025,,REAL
CABANACONDE,CO,Meteorológica,-15.6226,-71.97409,115041,,REAL
CAYLLOMA,CO,Meteorológica,-15.18882,-71.77019,115022,,REAL
HUAMBO,CO,Meteorológica,-15.73201,-72.10693,115090,,REAL
HUANCA,CO,Meteorológica,-16.03458,-71.88108,116058,,REAL
CAJATAMBO,CO,Meteorológica,-10.47788,-76.98971,110019,,REAL
CANTA,CP,Meteorológica,-11.47121,-76.62569,111026,,REAL
OBRAJILLO,HLG,Hidrológica,-11.45293,-76.62217,202802,,REAL
PUENTE MAGDALENA,HLG,Hidrológica,-11.69463,-76.83719,111151,,REAL
LA CAPILLA,HLG,Hidrológica,-12.52194,-76.49637,203101,,REAL
SOCSI CAÑETE,PE,Meteorológica,-13.03051,-76.20027,113140,,REAL
SOCSI,HLG,Hidrológica,-13.0283,-76.19453,203302,,REAL
PACARAN,CO,Meteorológica,-12.86689,-76.05793,112058,,REAL
PACARAN,HLM,Hidrológica,-12.86096,-76.05479,203303,,REAL
HUAYAN,CO,Meteorológica,-11.45281,-77.122,111022,,REAL
SANTO DOMINGO,HLG,Hidrológica,-11.37009,-77.02823,202701,,REAL
PAMPA DE MAJES,MAP,Meteorológica,-16.3357,-72.1525,116006,,REAL
HUANCAVELICA,CO,Meteorológica,-12.7715,-75.0124,112061,,REAL
PUERTO ALMENDRA,CO,Meteorológica,-3.8286,-73.377,103046,,REAL
LA YARADA,CP,Meteorológica,-18.2107,-70.5259,118002,,REAL
MATUCANA,CO,Meteorológica,-11.83913,-76.37792,111027,,REAL
ANTAPUCRO,HLG,Hidrológica,-12.0314,-76.62437,203003,,REAL
RIO BLANCO,HLG,Hidrológica,-11.7345,-76.25938,202904,,REAL
HUAROCHIRI,CO,Meteorológica,-12.13886,-76.23429,112055,,REAL
SAN LAZARO DE ESCOMARCA,CO,Meteorológica,-12.18088,-76.35207,112126,,REAL
SAN MATEO DE HUANCHOR,PLU,Meteorológica,-11.76017,-76.301,111175,,REAL
SAN MATEO,HLG,Hidrológica,-11.76012,-76.30111,202905,,REAL
SANTA EULALIA,PLU,Meteorológica,-11.92,-76.66664,111086,,REAL
SANTA EULALIA,HLM,Hidrológica,-11.91984,-76.66678,202930,,REAL
UNJF SANCHEZ CARRION - HUACHO,CP,Meteorológica,-11.12386,-77.60603,111163,,REAL
LOMAS DE LACHAY,CO,Meteorológica,-11.36014,-77.36839,111018,,REAL
ALCANTARILLA,MAP,Meteorológica,-11.06068,-77.55011,111004,,REAL
PICOY,CO,Meteorológica,-10.92162,-76.73701,110021,,REAL
PICOY,HLG,Hidrológica,-10.92164,-76.7367,202607,,REAL
SAYAN,HLM,Hidrológica,-11.13476,-77.19832,212301,,REAL
CAMAY,CO,Meteorológica,-10.91294,-77.6489,110017,,REAL
YAUYOS,CO,Meteorológica,-12.49173,-75.91039,112057,,REAL
HUANGASCAR,PE,Meteorológica,-12.89858,-75.83365,112134,,REAL
TAMSHIYACU,CO,Meteorológica,-4.00356,-73.16112,103049,,REAL
TAMSHIYACU,HLM,Hidrológica,-4.00316,-73.1614,240103,,REAL
FRANCISCO ORELLANA,CO,Meteorológica,-3.42333,-72.76667,103024,,REAL
MAZAN,CP,Meteorológica,-3.48817,-73.08182,103044,,REAL
PUNCHANA,PE,Meteorológica,-3.6903,-73.2556,103015,,REAL
SAN LORENZO,CO,Meteorológica,-4.82954,-76.55477,104057,,REAL
SAN LORENZO,HLM,Hidrológica,-4.8322,-76.5554,220108,,REAL
LAGUNAS,HLM,Hidrológica,-5.2171,-75.6679,230603,,REAL
NAUTA,CO,Meteorológica,-4.51336,-73.58375,104056,,REAL
CABALLOCOCHA,CO,Meteorológica,-3.9112,-70.5119,103031,,REAL
PEBAS,CO,Meteorológica,-3.3188,-71.8588,103054,,REAL
GENARO HERRERA,CP,Meteorológica,-4.91003,-73.66944,104071,,REAL
PUERTO MALDONADO,CP,Meteorológica,-12.5873,-69.2088,100109,,REAL
IÑAPARI,CO,Meteorológica,-10.95589,-69.578,110129,,REAL
MOQUEGUA,CP,Meteorológica,-17.17875,-70.93269,117002,,REAL
CARUMAS,CO,Meteorológica,-16.8115,-70.6954,116025,,REAL
CALACOA,CO,Meteorológica,-16.73988,-70.68765,116051,,REAL
YACANGO,CO,Meteorológica,-17.09078,-70.86699,100150,,REAL
TUMILACA,HLG,Hidrológica,-17.12838,-70.83689,204804,,REAL
OMATE,CO,Meteorológica,-16.67531,-70.97925,116023,,REAL
PUQUINA,CO,Meteorológica,-16.62978,-71.18476,116021,,REAL
QUINISTAQUILLAS,CO,Meteorológica,-16.74971,-70.87858,116049,,REAL
UBINAS,CO,Meteorológica,-16.3888,-70.8541,100142,,REAL
PUNTA COLES,CO,Meteorológica,-17.69862,-71.37331,117008,,REAL
ILO,CO,Meteorológica,-17.62381,-71.27188,117007,,REAL
CERRO DE PASCO,CO,Meteorológica,-10.69341,-76.26421,110037,,REAL
YANAHUANCA,CO,Meteorológica,-10.4896,-76.5129,110007,,REAL
OXAPAMPA,CO,Meteorológica,-10.5642,-75.4184,110028,,REAL
SAN MIGUEL,MAP,Meteorológica,-5.2462,-80.68436,105063,,REAL
PARTIDOR,CO,Meteorológica,-4.73197,-80.27982,104084,,REAL
AYABACA,CP,Meteorológica,-4.63776,-79.71077,104058,,REAL
ALTO DE POCLUS,CP,Meteorológica,-4.9169,-79.89047,104097,,REAL
SAPILLICA,PLU,Meteorológica,-4.77817,-79.98178,104019,,REAL
HUANCABAMBA,CP,Meteorológica,-5.24681,-79.45399,105055,,REAL
SALALA,CP,Meteorológica,-5.11153,-79.46349,105096,,REAL
HUARMACA,CO,Meteorológica,-5.56479,-79.51975,105064,,REAL
SONDORILLO,CO,Meteorológica,-5.3398,-79.43137,105022,,REAL
CHULUCANAS,CO,Meteorológica,-5.10843,-80.16956,105070,,REAL
CHALACO,CP,Meteorológica,-5.03865,-79.79168,105016,,REAL
SAN PEDRO,PLU,Meteorológica,-5.07954,-80.01621,100126,,REAL
SAN PEDRO,HLG,Hidrológica,-5.0796,-80.01624,200415,,REAL
MORROPON,CO,Meteorológica,-5.19465,-79.97107,105106,,REAL
MALACASI,CP,Meteorológica,-5.33977,-79.85794,108007,,REAL
SANTO DOMINGO,CO,Meteorológica,-5.03825,-79.87049,100131,,REAL
LA ESPERANZA,CP,Meteorológica,-4.92114,-81.05969,104090,,REAL
LANCONES,CO,Meteorológica,-4.64288,-80.54717,104016,,REAL
MALLARES,CP,Meteorológica,-4.85574,-80.73556,104079,,REAL
EL ALTO,CO,Meteorológica,-4.26198,-81.21815,104080,,REAL
CHUSIS,CO,Meteorológica,-5.52756,-80.81275,105105,,REAL
BERNAL,CO,Meteorológica,-5.4545,-80.74262,105012,,REAL
PUNO,CP,Meteorológica,-15.82625,-70.01208,100110,,REAL
LOS UROS,CO,Meteorológica,-15.82039,-69.97413,100088,,REAL
RINCON DE LA CRUZ,CO,Meteorológica,-15.99017,-69.80961,115052,,REAL
ISLA TAQUILE,CO,Meteorológica,-15.77019,-69.69107,115049,,REAL
CAPACHICA,CO,Meteorológica,-15.61344,-69.84222,100021,,REAL
MAÑAZO,CO,Meteorológica,-15.79944,-70.33949,115051,,REAL
LARAQUERI,CO,Meteorológica,-16.13599,-70.04587,116033,,REAL
AZANGARO,CO,Meteorológica,-14.9172,-70.19046,114041,,REAL
PUENTE  AZANGARO,HLG,Hidrológica,-14.91975,-70.18936,210102,,REAL
ARAPA,CO,Meteorológica,-15.1786,-70.109,115035,,REAL
MUÑANI,CO,Meteorológica,-14.76694,-69.95181,114042,,REAL
MACUSANI,CO,Meteorológica,-14.06674,-70.42205,114039,,REAL
CRUCERO,CO,Meteorológica,-14.36419,-70.02592,114058,,REAL
SAN GABAN,CO,Meteorológica,-13.4609,-70.41,113119,,REAL
JULI,CO,Meteorológica,-16.20378,-69.45992,116061,,REAL
PUENTE INTERNACIONAL DESAGUADERO,HLG,Hidrológica,-16.5638,-69.0363,270700,,REAL
PUENTE YOROHOCO CALLACAME,HLG,Hidrológica,-16.57065,-69.32278,210502,,REAL
PIZACOMA,CO,Meteorológica,-16.9043,-69.3695,116029,,REAL
ZAPATILLA,HLM,Hidrológica,-16.1386,-69.5787,270503,,REAL
PUENTE ILAVE,HLG,Hidrológica,-16.0882,-69.6317,210301,,REAL
ILAVE,CO,Meteorológica,-16.05994,-69.64039,116027,,REAL
MAZO CRUZ,CO,Meteorológica,-16.73888,-69.71544,116026,,REAL
HUANCANE,CO,Meteorológica,-15.20687,-69.7583,115037,,REAL
PUENTE CARRETERA HUANCANE,HLG,Hidrológica,-15.21588,-69.79262,210201,,REAL
PUENTE CARRETERA RAMIS,HLG,Hidrológica,-15.2553,-69.8738,210101,,REAL
LAMPA,CO,Meteorológica,-15.36109,-70.37415,100081,,REAL
PAMPAHUTA,CO,Meteorológica,-15.4837,-70.676,115027,,REAL
PUCARA,CO,Meteorológica,-15.04567,-70.36663,115046,,REAL
RIO VERDE,HLG,Hidrológica,-15.68427,-70.60002,270300,,REAL
CRUCERO ALTO,CO,Meteorológica,-15.7643,-70.9113,115044,,REAL
AYAVIRI,CO,Meteorológica,-14.8688,-70.5916,114038,,REAL
LLALLY,CO,Meteorológica,-14.95286,-70.88052,114034,,REAL
HUARAYA MOHO,CO,Meteorológica,-15.3881,-69.4842,115038,,REAL
PUTINA,CO,Meteorológica,-14.921,-69.8757,114093,,REAL
ANANEA,CO,Meteorológica,-14.6763,-69.5339,114050,,REAL
LAMPA,HLM,Hidrológica,-15.4437,-70.2092,210405,,REAL
PUENTE UNOCOLLA COATA,HLG,Hidrológica,-15.45085,-70.19133,210407,,REAL
CABANILLAS,CO,Meteorológica,-15.63911,-70.34661,115033,,REAL
MOYOBAMBA,CO,Meteorológica,-6.04481,-76.96822,106014,,REAL
JEPELACIO,CO,Meteorológica,-6.11275,-76.90761,106088,,REAL
SORITOR,CO,Meteorológica,-6.142,-77.09179,106083,,REAL
BELLAVISTA,CO,Meteorológica,-7.05517,-76.55836,107012,,REAL
SAN PABLO,CO,Meteorológica,-6.80956,-76.57625,106091,,REAL
ALAO,CO,Meteorológica,-6.517,-76.73806,106092,,REAL
SAPOSOA,CO,Meteorológica,-6.94313,-76.76823,106032,,REAL
LAMAS,CO,Meteorológica,-6.41874,-76.52794,106016,,REAL
PONGO DE CAYNARACHI,CO,Meteorológica,-6.33047,-76.28175,100104,,REAL
TABALOSOS,CO,Meteorológica,-6.39533,-76.62533,106043,,REAL
HUAYABAMBA,HLG,Hidrológica,-7.26871,-76.73701,230504,,REAL
PACHIZA,CO,Meteorológica,-7.29322,-76.77092,107010,,REAL
PICOTA,HLG,Hidrológica,-6.91949,-76.3272,230715,,REAL
PILLUANA,CO,Meteorológica,-6.77631,-76.29056,106098,,REAL
SHAMBOYACU,PLU,Meteorológica,-7.0223,-76.12911,107091,,REAL
SHAMBOYACU,HLG,Hidrológica,-7.02302,-76.12952,221813,,REAL
TINGO DE PONAZA,CO,Meteorológica,-6.93722,-76.25267,106119,,REAL
RIOJA,CO,Meteorológica,-6.04728,-77.17197,106013,,REAL
TARAPOTO,CO,Meteorológica,-6.47597,-76.37039,100138,,REAL
CHAZUTA,CO,Meteorológica,-6.57119,-76.1315,106101,,REAL
EL PORVENIR,MAP,Meteorológica,-6.58903,-76.31825,106040,,REAL
PUENTE TOCACHE,HLG,Hidrológica,-8.18475,-76.50789,230700,,REAL
TANANTA,CP,Meteorológica,-8.11524,-76.58049,100137,,REAL
JORGE BASADRE,MAP,Meteorológica,-18.02689,-70.25153,118004,,REAL
CALANA,CP,Meteorológica,-17.97458,-70.1932,117003,,REAL
CORUCA,HLG,Hidrológica,-17.63312,-70.45456,214901,,REAL
SAMA GRANDE,CO,Meteorológica,-17.78758,-70.48962,117018,,REAL
CALIENTES,CO,Meteorológica,-17.884,-70.1425,117015,,REAL
PALCA,CO,Meteorológica,-17.77795,-69.95864,117037,,REAL
CANDARAVE,CO,Meteorológica,-17.26776,-70.25537,117019,,REAL
LOCUMBA,HLM,Hidrológica,-17.6179,-70.761,205010,,REAL
ILABAYA,CO,Meteorológica,-17.41783,-70.51281,117016,,REAL
ITE,CO,Meteorológica,-17.86008,-70.95169,117012,,REAL
TARATA,CO,Meteorológica,-17.47935,-70.03663,117020,,REAL
SUSAPAYA,CO,Meteorológica,-17.34771,-70.13472,117033,,REAL
PUERTO PIZARRO,CO,Meteorológica,-3.50396,-80.39538,103038,,REAL
LA CRUZ,CP,Meteorológica,-3.62829,-80.56927,100072,,REAL
EL TIGRE,HLG,Hidrológica,-3.76848,-80.45685,200202,,REAL
RICA PLAYA,CO,Meteorológica,-3.8119,-80.50546,103036,,REAL
CAÑAVERAL,CO,Meteorológica,-3.9391,-80.65058,103042,,REAL
PAPAYAL,CO,Meteorológica,-3.56732,-80.23324,103040,,REAL
AGUAYTIA,CO,Meteorológica,-9.04225,-75.50624,108028,,REAL
PUENTE AGUAYTIA,HLG,Hidrológica,-9.03738,-75.50449,231201,,REAL
SAN ALEJANDRO,CO,Meteorológica,-8.83444,-75.21639,100121,,REAL
SAN ALEJANDRO,HLM,Hidrológica,-8.83091,-75.21281,250103,,REAL
RIO GRANDE,CO,Meteorológica,-14.52648,-75.21306,114006,,REAL
PAMPA BLANCA,PE,Meteorológica,-14.23731,-75.10407,114066,,REAL
LETRAYOC,HLG,Hidrológica,-13.65773,-75.74496,203601,,REAL
HACIENDA BERNALES,CO,Meteorológica,-13.74114,-75.96641,100046,,REAL
SANTA ANA,MAP,Meteorológica,-12.00955,-75.22158,112083,,REAL
PUENTE BREÑA,HLM,Hidrológica,-12.05216,-75.24051,230931,,REAL
VIQUES,CO,Meteorológica,-12.15603,-75.2283,112037,,REAL
RUNATULLO,CO,Meteorológica,-11.61812,-75.01224,100119,,REAL
COMAS,CO,Meteorológica,-11.74794,-75.13012,111031,,REAL
INGENIO,CO,Meteorológica,-11.87521,-75.29665,111097,,REAL
PICHANAKI,CO,Meteorológica,-10.93352,-74.86681,110008,,REAL
RIO TULUMAYO,HLM,Hidrológica,-11.2091,-75.3348,250501,,REAL
RICRAN,CO,Meteorológica,-11.54,-75.5273,111095,,REAL
JAUJA,CO,Meteorológica,-11.78663,-75.48687,111005,,REAL
JUNIN,CO,Meteorológica,-11.14328,-75.98878,111583,,REAL
SATIPO,CO,Meteorológica,-11.2247,-74.6087,111038,,REAL
TARMA,CO,Meteorológica,-11.3967,-75.6899,111029,,REAL
HUASAHUASI,CO,Meteorológica,-11.2677,-75.6391,111030,,REAL
YANTAC,CO,Meteorológica,-11.34583,-76.40453,111076,,REAL
LA OROYA,CO,Meteorológica,-11.57177,-75.95762,111046,,REAL
HUAYAO,CP,Meteorológica,-12.0402,-75.32049,112056,,REAL
SAN JUAN DE JARPA,CO,Meteorológica,-12.12454,-75.43178,112028,,REAL
LAIVE,CO,Meteorológica,-12.25229,-75.36053,112059,,REAL
TRUJILLO,CO,Meteorológica,-8.11203,-78.9851,108068,,REAL
CHERREPE,CO,Meteorológica,-7.11887,-79.56118,100028,,REAL
CALLANCAS,CO,Meteorológica,-7.76747,-78.47727,107054,,REAL
SALPO,CO,Meteorológica,-8.00535,-78.6071,108001,,REAL
HUAMACHUCO,CO,Meteorológica,-7.81916,-78.04013,107009,,REAL
CACHICADAN,CO,Meteorológica,-8.09184,-78.14938,108045,,REAL
REQUE,CO,Meteorológica,-6.88613,-79.8355,106046,,REAL
OYOTUN,CO,Meteorológica,-6.86394,-79.32062,106109,,REAL
SIPAN,CO,Meteorológica,-6.80141,-79.60002,106036,,REAL
CAYALTI,CP,Meteorológica,-6.8808,-79.547,106042,,REAL
JAYANCA,CO,Meteorológica,-6.33159,-79.76869,106047,,REAL
PASABAR,CP,Meteorológica,-5.83722,-79.81908,105076,,REAL
EL VIRREY,PLU,Meteorológica,-5.5337,-79.98233,105013,,REAL
LAMBAYEQUE,CP,Meteorológica,-6.73438,-79.90894,106108,,REAL
CAMPO DE MARTE,CP,Meteorológica,-12.07053,-77.04317,112171,,REAL
CHOSICA,PLU,Meteorológica,-11.92986,-76.68975,111060,,REAL
CHOSICA,HLG,Hidrológica,-11.92983,-76.68973,202906,,REAL
ÑAÑA,CO,Meteorológica,-11.98744,-76.84194,111023,,REAL
PUENTE HUACHIPA,HLM,Hidrológica,-12.01281,-76.89441,202910,,REAL
YONAN GORE,EHA,Hidrológica,-7.25592,-79.09909,4726E508,,AUTOMATICA
CUTERVO,EMA,Meteorológica,-6.37914,-78.81339,4726A602,,AUTOMATICA
TUNEL CHOTANO,EHMA,Hidrológica,-6.54049,-78.78432,47E1F02E,,AUTOMATICA
CUMBA,EHA,Hidrológica,-5.94135,-78.66413,472B3006,,AUTOMATICA
BAMBAMARCA M,EMA,Meteorológica,-6.67981,-78.52346,472680EE,,AUTOMATICA
BAMBAMARCA H,EHA,Hidrológica,-6.66975,-78.54119,4726D092,,AUTOMATICA
CHUGUR,EMA,Meteorológica,-6.66878,-78.738,4727F484,,AUTOMATICA
JAEN,EMA,Meteorológica,-5.67667,-78.77418,47269398,,AUTOMATICA
SAUZAL,EHMA,Hidrológica,-5.77168,-79.39769,105136,,AUTOMATICA
HUALLAPE,EHA,Hidrológica,-5.45077,-78.69579,472A571A,,AUTOMATICA
SAN IGNACIO,EMA,Meteorológica,-5.14422,-78.99989,4726706A,,AUTOMATICA
SAN MARCOS,EAMA,Meteorológica,-7.32249,-78.17269,4725E206,,AUTOMATICA
TONGOD,EHMA,Hidrológica,-6.74456,-78.81392,47E207A4,,AUTOMATICA
CAÑAD,EHMA,Hidrológica,-6.64934,-78.99733,47E1C5B4,,AUTOMATICA
PUENTE AMBAN,EHMA,Hidrológica,-6.58271,-78.91262,47E1E358,,AUTOMATICA
CHANCAY BAÑOS,EMA,Meteorológica,-6.57489,-78.86721,47E3055E,,AUTOMATICA
POMACANCHI,EMA,Meteorológica,-14.0278,-71.5726,114132,,AUTOMATICA
SORAYPAMPA,EMA,Meteorológica,-13.3955,-72.5736,47294362,,AUTOMATICA
ANCACHURO,EMA,Meteorológica,-13.4724,-72.2188,113252,,AUTOMATICA
CALCA,EMA,Meteorológica,-13.33333,-71.95524,472976F8,,AUTOMATICA
NUEVO PISAC,EHMA,Hidrológica,-13.42264,-71.85388,472A6280,,AUTOMATICA
SAUSAYA,EMA,Meteorológica,-14.52931,-71.35831,114125,,AUTOMATICA
PAYAPUNKU,EMA,Meteorológica,-14.4261,-71.28145,114126,,AUTOMATICA
SICUANI,EAMA,Meteorológica,-14.23736,-71.23669,4726158C,,AUTOMATICA
SIBINACOCHA,EMA,Meteorológica,-13.92214,-71.01823,47E8B578,,AUTOMATICA
SALCCA,EHA,Hidrológica,-14.16991,-71.23186,114118,,AUTOMATICA
MARCA CUNKA,EMA,Meteorológica,-14.49847,-72.08952,114123,,AUTOMATICA
SANTO TOMAS,EMA,Meteorológica,-14.44896,-72.09645,4729A090,,AUTOMATICA
HUAYHUAHUASI,EAMA,Meteorológica,-14.67242,-71.51991,114124,,AUTOMATICA
PONGO DE MAINIQUE,EMA,Meteorológica,-12.24986,-72.82447,112264,,AUTOMATICA
SAN PABLO,EMA,Meteorológica,-13.02506,-72.61988,4729658E,,AUTOMATICA
PICHARI,EMA,Meteorológica,-12.52296,-73.83956,47E880E2,,AUTOMATICA
PAUCARTAMBO,EHA,Hidrológica,-13.3177,-71.59741,210007,,AUTOMATICA
ACJANACO,EMA,Meteorológica,-13.19672,-71.61941,4722A338,,AUTOMATICA
QUINCEMIL,EMA,Meteorológica,-13.2289,-70.7544,113254,,AUTOMATICA
ASHANAKU,EMA,Meteorológica,-13.58048,-71.58878,113247,,AUTOMATICA
INTIHUATANA H,EHA,Hidrológica,-13.18517,-72.52319,472935F2,,AUTOMATICA
MACHUPICCHU,EMA,Meteorológica,-13.16655,-72.54585,472897F0,,AUTOMATICA
INTIHUATANA M,EMA,Meteorológica,-13.17418,-72.56036,472852EE,,AUTOMATICA
HUAYLLABAMBA,EMA,Meteorológica,-13.26581,-72.44881,4727C11E,,AUTOMATICA
PACAYMAYO,EMA,Meteorológica,-13.23419,-72.49841,4729950A,,AUTOMATICA
CHILCA,EHA,Hidrológica,-13.2235,-72.34056,472A9204,,AUTOMATICA
COCHAMARCA,EAMA,Meteorológica,-12.99,-75.51019,4720CDF8,,AUTOMATICA
HUACHOS,EMA,Meteorológica,-13.21667,-75.53333,47292684,,AUTOMATICA
CORDOVA,EMA,Meteorológica,-14.03333,-75.16667,4728F216,,AUTOMATICA
CUSICANCHA,EMA,Meteorológica,-13.48333,-75.3,4728C78C,,AUTOMATICA
CHALLACA M,EMA,Meteorológica,-13.7905,-75.3821,472811E4,,AUTOMATICA
SANTIAGO DE CHOCORVOS,EMA,Meteorológica,-13.83333,-75.25,4729131E,,AUTOMATICA
HUANUCO,EMA,Meteorológica,-9.9378,-76.24793,109082,,AUTOMATICA
CHINCHAVITO,EHA,Hidrológica,-9.515,-75.9425,472D0552,,AUTOMATICA
PUENTE TARUCA,EHA,Hidrológica,-9.85056,-76.1519,472B730C,,AUTOMATICA
CUSHI,EMA,Meteorológica,-10.33924,-76.07321,110148,,AUTOMATICA
QUISCA,EMA,Meteorológica,-10.08922,-76.21556,110146,,AUTOMATICA
SAN MARTIN,EMA,Meteorológica,-9.40385,-76.76482,4720EB14,,AUTOMATICA
CACHICOTO,EMA,Meteorológica,-9.21931,-76.21294,47E845FC,,AUTOMATICA
PUENTE BELLA,EHA,Hidrológica,-9.32411,-76.02935,472DA5AA,,AUTOMATICA
TINGO MARIA,EHMA,Hidrológica,-9.29601,-76.00207,47270400,,AUTOMATICA
PUERTO INCA,EAMA,Meteorológica,-9.3851,-74.96376,4727A4F8,,AUTOMATICA
JESUS DE LAURICOCHA,EMA,Meteorológica,-10.07819,-76.63119,110140,,AUTOMATICA
PUCA PUCA,EAMA,Meteorológica,-9.87895,-76.5909,109094,,AUTOMATICA
HUAMANI EL TAMBO,EHMA,Hidrológica,-13.84386,-75.58944,213503,,AUTOMATICA
BETA SANTIAGO,EMA,Meteorológica,-14.23739,-75.67022,472A446C,,AUTOMATICA
CONTA M,EMA,Meteorológica,-13.43936,-75.97517,4728A26A,,AUTOMATICA
FONAGRO,EAMA,Meteorológica,-13.45935,-76.15243,4728B11C,,AUTOMATICA
SAN PEDRO DE HUACARPANA,EMA,Meteorológica,-13.04889,-75.64806,4728E160,,AUTOMATICA
COPARA,EMA,Meteorológica,-14.975,-74.89056,114139,,AUTOMATICA
PALPA,PE,Meteorológica,-14.54935,-75.18921,114136,,AUTOMATICA
IMATA,EMA,Meteorológica,-15.84266,-71.09062,47E3834A,,AUTOMATICA
PILLONES,EMA,Meteorológica,-15.97861,-71.21333,47E373CE,,AUTOMATICA
SUMBAY,EHA,Hidrológica,-15.81667,-71.11667,472ED434,,AUTOMATICA
SIBAYO,EHA,Hidrológica,-15.49422,-71.4638,47265686,,AUTOMATICA
COTACOTA,EMA,Meteorológica,-15.21331,-71.38955,47E8A60E,,AUTOMATICA
VISCA VISCA,EMA,Meteorológica,-14.7228,-71.9787,114119,,AUTOMATICA
COROPUNA,EMA,Meteorológica,-15.53597,-72.61056,115150,,AUTOMATICA
PAMPA BLANCA,EMA,Meteorológica,-17.07161,-71.72453,117061,,AUTOMATICA
CUYAU,EHA,Hidrológica,-15.21794,-72.93564,115151,,AUTOMATICA
COTAHUASI,EAMA,Meteorológica,-15.21134,-72.89331,47280292,,AUTOMATICA
PAMPA CANGALLO,EMA,Meteorológica,-13.56184,-74.19889,4729D600,,AUTOMATICA
SANTA CRUZ DE HOSPICIO,EAMA,Meteorológica,-13.4383,-74.7993,113248,,AUTOMATICA
HUAC-HUAS,EMA,Meteorológica,-14.12861,-74.94583,47290068,,AUTOMATICA
CCONTACC,EMA,Meteorológica,-14.5423,-74.2642,114122,,AUTOMATICA
PAMPA GALERAS,EMA,Meteorológica,-14.66917,-74.40361,114127,,AUTOMATICA
HURAY HUMA,EMA,Meteorológica,-14.564,-73.5558,114121,,AUTOMATICA
PAUZA,PE,Meteorológica,-15.275,-73.34083,115155,,AUTOMATICA
PAUCARAY,EAMA,Meteorológica,-14.04361,-73.63833,4725B27A,,AUTOMATICA
UNC CAJAMARCA,EMA,Meteorológica,-7.16747,-78.49307,472645F0,,AUTOMATICA
CAJABAMBA,EMA,Meteorológica,-7.62167,-78.05111,4729F0EC,,AUTOMATICA
CRISNEJAS,EHA,Hidrológica,-7.4639,-78.1131,472A32FC,,AUTOMATICA
CELENDIN,EMA,Meteorológica,-6.85303,-78.14487,4726631C,,AUTOMATICA
BALSAS,EHMA,Hidrológica,-6.84461,-78.03025,472501F4,,AUTOMATICA
CHOTA,EMA,Meteorológica,-6.55405,-78.67588,4726C3E4,,AUTOMATICA
HUAMBOS,EMA,Meteorológica,-6.45364,-78.96319,47E94706,,AUTOMATICA
PUENTE SAN CARLOS,EHMA,Hidrológica,-6.61515,-79.27136,47E1D6C2,,AUTOMATICA
CASCABAMBA,EMA,Meteorológica,-7.38407,-78.72682,472C92CA,,AUTOMATICA
PUENTE CHILETE,EHMA,Hidrológica,-7.21968,-78.83798,4727470A,,AUTOMATICA
GUZMANGO,EMA,Meteorológica,-7.38133,-78.9033,472C81BC,,AUTOMATICA
SAUCEPAMPA,EMA,Meteorológica,-9.0309,-77.7763,109091,,AUTOMATICA
PUENTE CAHUA,EHA,Hidrológica,-10.60597,-77.34388,472182DA,,AUTOMATICA
RECUAY,EMA,Meteorológica,-9.72919,-77.45365,47259496,,AUTOMATICA
PACHACOTO,EMA,Meteorológica,-9.85243,-77.40607,47E89394,,AUTOMATICA
SHAQUEK,EMA,Meteorológica,-10.07116,-77.52504,110138,,AUTOMATICA
PUENTE SALINAS AMOJAO,EHA,Hidrológica,-5.45096,-78.4894,472B55E0,,AUTOMATICA
BAGUA,EAMA,Meteorológica,-5.66145,-78.53403,472C57D4,,AUTOMATICA
CORRAL QUEMADO,EHA,Hidrológica,-5.75461,-78.69208,472B607A,,AUTOMATICA
MAGUNCHAL,EHA,Hidrológica,-5.88987,-78.18876,472B2370,,AUTOMATICA
NARANJITO,EHA,Hidrológica,-5.81968,-78.27598,220907,,AUTOMATICA
BUENA VISTA,EMA,Meteorológica,-9.43372,-78.20828,109096,,AUTOMATICA
CHAVIN,EAMA,Meteorológica,-9.58598,-77.17529,4725A10C,,AUTOMATICA
CONDORCERRO,EHA,Hidrológica,-8.65793,-78.26172,211408,,AUTOMATICA
SAN JACINTO,EHA,Hidrológica,-9.141,-78.2023,211601,,AUTOMATICA
CURAHUASI,EMA,Meteorológica,-13.5526,-72.7349,113253,,AUTOMATICA
GRANJA SAN ANTONIO,EAMA,Meteorológica,-13.60492,-72.85693,47263360,,AUTOMATICA
CASACCANCHA,EMA,Meteorológica,-13.98923,-72.29832,472A1410,,AUTOMATICA
PUENTE PAMPAS GORE APU,EHA,Hidrológica,-13.43493,-73.82737,250900,,AUTOMATICA
TANCAYLLO,EMA,Meteorológica,-13.63523,-73.69004,113246,,AUTOMATICA
AREQUIPA UV,EMA,Meteorológica,-16.4042,-71.55155,116085,,AUTOMATICA
LA PAMPILLA,EMA,Meteorológica,-16.41384,-71.53452,116065,,AUTOMATICA
BELLA ESPERANZA,EMA,Meteorológica,-16.3648,-71.5,116087,,AUTOMATICA
CAYMA,PLU,Meteorológica,-16.31689,-71.52919,116083,,AUTOMATICA
CHARCANI,EHA,Hidrológica,-16.31086,-71.49511,472147C4,,AUTOMATICA
CHIGUATA,PLU,Meteorológica,-16.40645,-71.40914,116077,,AUTOMATICA
HUASACACHE,EMA,Meteorológica,-16.45774,-71.56635,116079,,AUTOMATICA
TINGO GRANDE,EHA,Hidrológica,-16.45992,-71.57431,472EE1AE,,AUTOMATICA
SAN FRANCISCO,PLU,Meteorológica,-16.38519,-71.49044,116082,,AUTOMATICA
TUCTUMPAYA,PLU,Meteorológica,-16.48827,-71.33463,116078,,AUTOMATICA
SAN JOSE DE UZUNA,EMA,Meteorológica,-16.58103,-71.32836,47E3B6D0,,AUTOMATICA
LAS SALINAS,EMA,Meteorológica,-16.32064,-71.15212,116086,,AUTOMATICA
SANTA RITA DE SIGUAS,EAMA,Meteorológica,-16.47301,-72.1106,116076,,AUTOMATICA
PUENTE DEL DIABLO,EHA,Hidrológica,-16.42665,-71.67507,4722E032,,AUTOMATICA
BOYADERO,EHA,Hidrológica,-16.58989,-72.00886,47E26242,,AUTOMATICA
PATAHUASI,EMA,Meteorológica,-16.05542,-71.41481,47E360B8,,AUTOMATICA
YURA,PLU,Meteorológica,-16.30271,-71.62395,116081,,AUTOMATICA
SOCOSANI,EHA,Hidrológica,-16.25944,-71.72056,47E27134,,AUTOMATICA
CAMANA,PE,Meteorológica,-16.64395,-72.70432,116084,,AUTOMATICA
OCOÑA,EHMA,Hidrológica,-16.427,-73.1145,472D23BE,,AUTOMATICA
HUATIAPA,EHA,Hidrológica,-16.00806,-72.48355,214400,,AUTOMATICA
CHIVAY,EAMA,Meteorológica,-15.64163,-71.60169,4723D752,,AUTOMATICA
HUANCA,EMA,Meteorológica,-16.03458,-71.88108,47E3A5A6,,AUTOMATICA
SAN MARTIN DE PORRES,EMA,Meteorológica,-12.00889,-77.08447,112265,,AUTOMATICA
LAS PALMAS,EMA,Meteorológica,-12.15675,-77.01303,112281,,AUTOMATICA
VILLA MARIA DEL TRIUNFO,EMA,Meteorológica,-12.16639,-76.92,472A0766,,AUTOMATICA
CARAL LAS MINAS,EHA,Hidrológica,-10.90961,-77.46789,212200,,AUTOMATICA
HUAROS,EAMA,Meteorológica,-11.40744,-76.57584,4725F170,,AUTOMATICA
CAÑETE,EMA,Meteorológica,-13.07475,-76.33042,113249,,AUTOMATICA
SOCSI,EHA,Hidrológica,-13.02825,-76.1945,472191AC,,AUTOMATICA
SANTO DOMINGO,EHMA,Hidrológica,-11.37,-77.02833,47E214D2,,AUTOMATICA
PUENTE CALLANTAMA,EHA,Hidrológica,-11.2989,-76.8518,47E22148,,AUTOMATICA
PAMPA DE MAJES,EMA,Meteorológica,-16.33565,-72.15266,4729E39A,,AUTOMATICA
HUANCAVELICA,EMA,Meteorológica,-12.77163,-75.01237,472722EC,,AUTOMATICA
AMAZONAS,EMA,Meteorológica,-3.76397,-73.25492,103065,,AUTOMATICA
GUEPPI,EMA,Meteorológica,-0.1172,-75.2503,101004,,AUTOMATICA
VICHAYCOCHA,EHA,Hidrológica,-11.13916,-76.62455,47E257D8,,AUTOMATICA
SANTA CRUZ,EMA,Meteorológica,-11.19827,-76.63487,47E330C4,,AUTOMATICA
CARAC,EMA,Meteorológica,-11.19005,-76.77937,47E323B2,,AUTOMATICA
CUCHUANCA,EHA,Hidrológica,-11.20158,-76.7881,47E2323E,,AUTOMATICA
MATUCANA,EMA,Meteorológica,-11.83911,-76.378,472CE45A,,AUTOMATICA
PUENTE ANTAPUCRO,EHA,Hidrológica,-12.0333,-76.6333,212700,,AUTOMATICA
CASAPALCA,EMA,Meteorológica,-11.638,-76.23325,472D73C2,,AUTOMATICA
SAN MATEO,EHA,Hidrológica,-11.76012,-76.30111,212605,,AUTOMATICA
SAN MATEO DE OTAO,EMA,Meteorológica,-11.847,-76.56359,472EC742,,AUTOMATICA
SANTA EULALIA,EHMA,Hidrológica,-11.92,-76.66664,472E24B0,,AUTOMATICA
SANTIAGO DE TUNA,EMA,Meteorológica,-11.9832,-76.5242,472CA750,,AUTOMATICA
ALCANTARILLA,EMA,Meteorológica,-11.06061,-77.55006,111300,,AUTOMATICA
PICOY,EHA,Hidrológica,-10.92159,-76.73703,110139,,AUTOMATICA
SAYAN,EHMA,Hidrológica,-11.13472,-77.19833,4724966C,,AUTOMATICA
CARANIA,EAMA,Meteorológica,-12.3444,-75.87215,472364DC,,AUTOMATICA
ENAPU PERU,EHMA,Hidrológica,-3.72722,-73.23694,47252718,,AUTOMATICA
SAN REGIS,EMA,Meteorológica,-4.51301,-73.90751,104112,,AUTOMATICA
CABALLOCOCHA,EMA,Meteorológica,-3.91125,-70.51206,4727547C,,AUTOMATICA
PEBAS,EAMA,Meteorológica,-3.31791,-71.85962,47288486,,AUTOMATICA
CONTAMANA,EAMA,Meteorológica,-7.35254,-75.00632,47287402,,AUTOMATICA
BILINGURSTH,EHMA,Hidrológica,-12.56083,-69.18949,260700,,AUTOMATICA
CACHUELA,EHMA,Hidrológica,-12.60442,-69.18304,260403,,AUTOMATICA
PUENTE HERRERA,EHMA,Hidrológica,-12.61361,-69.19413,260402,,AUTOMATICA
TAMBOPATA,EHA,Hidrológica,-12.5925,-69.17529,260002,,AUTOMATICA
PUERTO MALDONADO,EMA,Meteorológica,-12.5873,-69.2088,112279,,AUTOMATICA
MALINOWSKY,EMA,Meteorológica,-12.93411,-69.5175,47E8336C,,AUTOMATICA
SALVACION,EMA,Meteorológica,-12.8312,-71.36446,47E8201A,,AUTOMATICA
IÑAPARI,EAMA,Meteorológica,-10.95589,-69.578,472587E0,,AUTOMATICA
MOQUEGUA,EMA,Meteorológica,-17.17874,-70.93267,4723F1BE,,AUTOMATICA
12 DE OCTUBRE,EAMA,Meteorológica,-10.60641,-76.52927,110137,,AUTOMATICA
OXAPAMPA,EMA,Meteorológica,-10.59417,-75.38417,4725D79C,,AUTOMATICA
PUERTO BERMUDEZ,EAMA,Meteorológica,-10.28619,-74.94356,109093,,AUTOMATICA
SAN JOSE DE VILLA RICA,EAMA,Meteorológica,-10.75108,-75.29874,110142,,AUTOMATICA
SAN MIGUEL,EMA,Meteorológica,-5.24619,-80.68425,105143,,AUTOMATICA
PARTIDOR,EMA,Meteorológica,-4.73197,-80.27978,104113,,AUTOMATICA
LAGARTERA,EHA,Hidrológica,-4.7285,-80.06956,47E0F2D4,,AUTOMATICA
BOCATOMA CHIPILLICO,EHA,Hidrológica,-4.7142,-80.11825,47E0E1A2,,AUTOMATICA
TAMBO GRANDE,EHA,Hidrológica,-4.93848,-80.34703,47E0522C,,AUTOMATICA
HUALCUY,EMA,Meteorológica,-4.74701,-79.60729,47E281B0,,AUTOMATICA
ALTO DE POCLUS,EMA,Meteorológica,-4.91691,-79.89052,104114,,AUTOMATICA
PAIMAS,EMA,Meteorológica,-4.63439,-79.94581,472FC5B8,,AUTOMATICA
BOCATOMA ZAMBA,EHA,Hidrológica,-4.66444,-79.89735,4723C424,,AUTOMATICA
SAPILLICA,EMA,Meteorológica,-4.79639,-79.99972,472FF022,,AUTOMATICA
EL CIRUELO,EHA,Hidrológica,-4.29899,-80.1673,47E9177A,,AUTOMATICA
PUENTE MACARA,EHA,Hidrológica,-4.39338,-79.96412,47E0C74E,,AUTOMATICA
HUANCABAMBA,EMA,Meteorológica,-5.24681,-79.45399,472FE354,,AUTOMATICA
HUARMACA,EAMA,Meteorológica,-5.56586,-79.52544,472761E6,,AUTOMATICA
CANCHAQUE,EMA,Meteorológica,-5.40055,-79.6052,472F86B2,,AUTOMATICA
CHULUCANAS,EMA,Meteorológica,-5.10844,-80.16954,472F6540,,AUTOMATICA
CORRAL DEL MEDIO,EHA,Hidrológica,-5.18871,-79.89148,47E037CA,,AUTOMATICA
CHALACO,EMA,Meteorológica,-5.03389,-79.83,472FB328,,AUTOMATICA
SAN PEDRO,EHA,Hidrológica,-5.07954,-80.0162,47E08444,,AUTOMATICA
MORROPON,EMA,Meteorológica,-5.19465,-79.97107,472F7636,,AUTOMATICA
SALITRAL,EHA,Hidrológica,-5.34602,-79.83761,47E067B6,,AUTOMATICA
MALACASI,EMA,Meteorológica,-5.33977,-79.85794,472FA05E,,AUTOMATICA
HACIENDA BIGOTE,EMA,Meteorológica,-5.32089,-79.78569,472F95C4,,AUTOMATICA
HACIENDA BARRIOS,EHA,Hidrológica,-5.2895,-79.69909,47E074C0,,AUTOMATICA
SANTO DOMINGO,EMA,Meteorológica,-5.03827,-79.87049,105145,,AUTOMATICA
PUENTE SIMON RODRIGUEZ,EHA,Hidrológica,-4.87999,-81.02038,47E0B1DE,,AUTOMATICA
LANCONES,EMA,Meteorológica,-4.6429,-80.54716,472FD6CE,,AUTOMATICA
ALAMOR,EHA,Hidrológica,-4.47749,-80.39788,47E0D438,,AUTOMATICA
LA ARDILLA,EHA,Hidrológica,-4.49094,-80.38819,47E09732,,AUTOMATICA
EL CHIRA,EAMA,Meteorológica,-4.85519,-80.73433,104109,,AUTOMATICA
CHUSIS,EMA,Meteorológica,-5.51694,-80.83361,105120,,AUTOMATICA
BERNAL,EMA,Meteorológica,-5.45449,-80.74262,105144,,AUTOMATICA
PUNO,EMA,Meteorológica,-15.82625,-70.01208,472DD33A,,AUTOMATICA
ENAFER,EHA,Hidrológica,-15.83647,-70.016,47256412,,AUTOMATICA
RINCON DE LA CRUZ,EAMA,Meteorológica,-15.99019,-69.80958,115154,,AUTOMATICA
ILLPA,EAMA,Meteorológica,-15.6821,-70.07606,115153,,AUTOMATICA
ILLPA,EMA,Meteorológica,-15.68726,-70.07988,472E4156,,AUTOMATICA
LARAQUERI,EMA,Meteorológica,-16.13592,-70.04589,472CB426,,AUTOMATICA
CAMACANI,EAMA,Meteorológica,-15.94981,-69.85875,115152,,AUTOMATICA
PUENTE AZANGARO,EHMA,Hidrológica,-14.92139,-70.18861,270202,,AUTOMATICA
MACUSANI,EMA,Meteorológica,-14.06675,-70.42206,114138,,AUTOMATICA
UPINA,EAMA,Meteorológica,-13.88492,-70.08281,4721B992,,AUTOMATICA
AYMAÑA,EMA,Meteorológica,-13.87279,-70.66759,4721AAE4,,AUTOMATICA
CRUCERO,EMA,Meteorológica,-14.36416,-70.02583,114137,,AUTOMATICA
DESAGUADERO,EHA,Hidrológica,-16.56364,-69.03667,270001,,AUTOMATICA
ILAVE,EHMA,Meteorológica,-16.08825,-69.62592,472E112A,,AUTOMATICA
PUENTE CARRETERA RAMIS,EHMA,Hidrológica,-15.25544,-69.87381,47251282,,AUTOMATICA
HUANCASAYA,EHMA,Hidrológica,-15.14308,-69.21467,210003,,AUTOMATICA
LAMPA,EMA,Meteorológica,-15.36296,-70.37343,115157,,AUTOMATICA
CABANILLAS,EMA,Meteorológica,-15.63909,-70.34661,115156,,AUTOMATICA
PAMPAHUTA,EMA,Meteorológica,-15.48369,-70.67599,472DE6A0,,AUTOMATICA
SANTA LUCIA,EMA,Meteorológica,-15.69411,-70.59928,115158,,AUTOMATICA
PALCA,EMA,Meteorológica,-15.2359,-70.59313,472E37C6,,AUTOMATICA
ANANSAYA -PUNA,EMA,Meteorológica,-14.33386,-70.52334,114134,,AUTOMATICA
JULIACA,EMA,Meteorológica,-15.47106,-70.17122,472CF72C,,AUTOMATICA
PLAYA HERMOSA,EAMA,Meteorológica,-5.91616,-76.98719,105137,,AUTOMATICA
JEPELACIO,EMA,Meteorológica,-6.11275,-76.90761,106144,,AUTOMATICA
BELLAVISTA,EMA,Meteorológica,-7.05517,-76.55836,107142,,AUTOMATICA
HUAYABAMBA,EHA,Hidrológica,-7.2689,-76.73698,212600,,AUTOMATICA
NARANJILLO,EAMA,Meteorológica,-5.80962,-77.39321,4724851A,,AUTOMATICA
EL PORVENIR,EAMA,Meteorológica,-6.58906,-76.31824,4723013A,,AUTOMATICA
TOCACHE,EHMA,Hidrológica,-8.18475,-76.50789,47E2E456,,AUTOMATICA
CERRO BLANCO,EHA,Hidrológica,-17.96873,-70.15231,47E13530,,AUTOMATICA
LA TRANCA,EHA,Hidrológica,-17.74313,-70.47178,4722F344,,AUTOMATICA
CAPLINA,EHA,Hidrológica,-17.6921,-69.92511,47E143A0,,AUTOMATICA
CHALLATA,EHA,Hidrológica,-17.81542,-70.09896,47E195C8,,AUTOMATICA
REPRESA PAUCARANI,EHA,Hidrológica,-17.53436,-69.76499,47E113DC,,AUTOMATICA
BOCATOMA EL AYRO,EMA,Meteorológica,-17.58019,-69.62673,47E2B42A,,AUTOMATICA
CANDARAVE,EMA,Meteorológica,-17.268,-70.25409,47E2C2BA,,AUTOMATICA
CORACHAY II,EHA,Hidrológica,-17.11435,-70.28838,47E1654C,,AUTOMATICA
LAGUNA ARICOTA,EHA,Hidrológica,-17.37093,-70.30847,47E12646,,AUTOMATICA
PUENTE VIEJO,EHA,Hidrológica,-17.61756,-70.76097,47E186BE,,AUTOMATICA
TARATA,EMA,Meteorológica,-17.47937,-70.03665,47E2D1CC,,AUTOMATICA
CHUAPALCA,EMA,Meteorológica,-17.30882,-69.66179,47E292C6,,AUTOMATICA
PUENTE TALAPALCA,EHA,Hidrológica,-17.47487,-70.17265,47E150D6,,AUTOMATICA
ANCOAQUE,EHA,Hidrológica,-17.19972,-69.93917,117059,,AUTOMATICA
VILACOTA,EMA,Meteorológica,-17.07909,-70.04302,47E2A75C,,AUTOMATICA
SALIDA TUNEL KOVIRE,EHA,Hidrológica,-17.23804,-70.00854,47E1763A,,AUTOMATICA
REPRESA JARUMAS,EHA,Hidrológica,-17.3692,-69.94863,47E1B324,,AUTOMATICA
PUENTE TUMBES,EHA,Hidrológica,-3.5709,-80.4609,47E024BC,,AUTOMATICA
CAMPAMENTO SEDE,EMA,Meteorológica,-3.55115,-80.42962,472EF2D8,,AUTOMATICA
RICA PLAYA,EMA,Meteorológica,-3.81333,-80.4575,472F264A,,AUTOMATICA
HUASIMO,EMA,Meteorológica,-3.99815,-80.50392,472F43AC,,AUTOMATICA
CABO INGA M,EMA,Meteorológica,-3.97594,-80.40182,472F00A6,,AUTOMATICA
CABO INGA H,EHA,Hidrológica,-3.97873,-80.39938,47E01126,,AUTOMATICA
EL TIGRE,EHMA,Hidrológica,-3.7687,-80.45689,4724A3F6,,AUTOMATICA
CAÑAVERAL,EMA,Meteorológica,-3.93905,-80.65055,472F13D0,,AUTOMATICA
MATAPALO,EMA,Meteorológica,-3.68276,-80.19851,472F353C,,AUTOMATICA
CALLERIA,EMA,Meteorológica,-7.89825,-74.49886,47E86310,,AUTOMATICA
SANTA ANA,EMA,Meteorológica,-8.49763,-75.56274,47E8568A,,AUTOMATICA
PUERTO ESPERANZA,EMA,Meteorológica,-9.77083,-70.70666,47E87066,,AUTOMATICA
PAMPA BLANCA,EMA,Meteorológica,-14.23722,-75.10389,114140,,AUTOMATICA
HUAYTAPALLANA,EMA,Meteorológica,-11.92717,-75.06186,472DF5D6,,AUTOMATICA
APATA,EAMA,Meteorológica,-11.85277,-75.36357,111293,,AUTOMATICA
MANTARO,EAMA,Meteorológica,-11.83382,-75.39073,111296,,AUTOMATICA
MUQUI,EAMA,Meteorológica,-11.82102,-75.43101,111294,,AUTOMATICA
SATIPO,EMA,Meteorológica,-11.2247,-74.6087,4725C4EA,,AUTOMATICA
POTSOTENI,EMA,Meteorológica,-11.41316,-74.14723,111299,,AUTOMATICA
TARMA,EAMA,Meteorológica,-11.3967,-75.6899,47257764,,AUTOMATICA
CHACAPALPA,EMA,Meteorológica,-11.7525,-75.74226,111288,,AUTOMATICA
MARCAPOMACOCHA,EMA,Meteorológica,-11.40443,-76.32508,472D9030,,AUTOMATICA
SALINAR,EHA,Hidrológica,-7.66069,-78.96109,211001,,AUTOMATICA
CASAGRANDE,EMA,Meteorológica,-7.75031,-79.18869,472D30C8,,AUTOMATICA
CALLANCAS,EMA,Meteorológica,-7.7675,-78.47729,472D8346,,AUTOMATICA
LA FORTUNA,EMA,Meteorológica,-7.67042,-78.40242,107131,,AUTOMATICA
USQUIL,EMA,Meteorológica,-7.8186,-78.41497,472D60B4,,AUTOMATICA
PUENTE COINA,EHMA,Hidrológica,-7.79636,-78.38012,472E74CC,,AUTOMATICA
CAPACHIQUE,EMA,Meteorológica,-7.85642,-78.31184,472EB1D2,,AUTOMATICA
TICAPAMPA,EMA,Meteorológica,-7.91641,-77.90148,107130,,AUTOMATICA
QUIRUVILCA,EMA,Meteorológica,-8.00419,-78.3079,4727319A,,AUTOMATICA
PUENTE PALMIRA,EHMA,Hidrológica,-7.54919,-78.81051,472E5220,,AUTOMATICA
CASCAS,EMA,Meteorológica,-7.47987,-78.82367,472EA2A4,,AUTOMATICA
LUCMA,EMA,Meteorológica,-7.64333,-78.55135,472D552E,,AUTOMATICA
EL TAMBO,EHMA,Hidrológica,-7.57398,-78.70655,47E0A2A8,,AUTOMATICA
MARMOT,EMA,Meteorológica,-7.7635,-78.66725,472CC2B6,,AUTOMATICA
TINAJONES,EMA,Meteorológica,-6.65489,-79.42792,47E2F720,,AUTOMATICA
VISTA FLORIDA,EMA,Meteorológica,-6.72775,-79.78088,106140,,AUTOMATICA
PUCHACA,EHA,Hidrológica,-6.37353,-79.46673,106138,,AUTOMATICA
TONGORRAPE,EMA,Meteorológica,-6.06692,-79.68203,47201542,,AUTOMATICA
EL VIRREY,EMA,Meteorológica,-5.53579,-79.98416,472F50DA,,AUTOMATICA
PASABAR,EAMA,Meteorológica,-5.83714,-79.81911,4726F67E,,AUTOMATICA
ANTONIO RAYMONDI,EMA,Meteorológica,-11.77606,-77.15139,472A218A,,AUTOMATICA
CERES,EMA,Meteorológica,-12.02867,-76.92711,112278,,AUTOMATICA
CARABAYLLO,EMA,Meteorológica,-11.90219,-77.03364,111286,,AUTOMATICA
PANTANOS DE VILLA,EMA,Meteorológica,-12.21142,-76.98797,112277,,AUTOMATICA
CAMPO DE MARTE,EMA,Meteorológica,-12.07056,-77.04314,112181,,AUTOMATICA
VON HUMBOLDT,EMA,Meteorológica,-12.08221,-76.93944,472AC278,,AUTOMATICA
HUACHIPA,EHA,Hidrológica,-12.01283,-76.89542,212607,,AUTOMATICA
ÑAÑA,EMA,Meteorológica,-11.98744,-76.84194,111290,,AUTOMATICA
CHOSICA,EHMA,Hidrológica,-11.92986,-76.68964,47278214,,AUTOMATICA
PUENTE PIEDRA,EMA,Meteorológica,-11.86325,-77.07413,111287,,AUTOMATICA
SAN BORJA,EMA,Meteorológica,-12.10859,-77.00769,112193,,AUTOMATICA
SAN JUAN DE LURIGANCHO,EMA,Meteorológica,-11.98164,-76.99925,112267,,AUTOMATICA
